,City,Lat,Lng,Max Temp,Humidity,Cloudiness,Wind Speed,Country,Date
0,upernavik,72.7868,-56.1549,-2.22,88,100,2.03,GL,1619233749
1,bluff,-46.6,168.3333,11.11,90,64,0.45,NZ,1619233738
2,klaksvik,62.2266,-6.589,6.0,100,90,2.57,FO,1619233642
3,calabozo,8.9242,-67.4293,31.93,37,87,3.69,VE,1619233874
4,bambous virieux,-20.3428,57.7575,24.44,94,75,5.14,MU,1619233840
5,port hardy,50.6996,-127.4199,10.0,93,90,1.37,CA,1619233875
6,busselton,-33.65,115.3333,23.89,55,24,0.89,AU,1619233838
7,cape town,-33.9258,18.4232,15.0,82,0,4.63,ZA,1619233852
8,georgetown,5.4112,100.3354,28.0,94,40,2.06,MY,1619233875
9,saint-pierre,-21.3393,55.4781,24.0,73,0,4.12,RE,1619233761
10,luderitz,-26.6481,15.1594,16.78,78,3,3.33,NA,1619234004
11,mehamn,71.0357,27.8492,-0.03,72,99,6.42,NO,1619233915
12,yuli,9.6989,10.2744,26.72,64,100,3.79,NG,1619233875
13,mataura,-46.1927,168.8643,11.11,90,96,0.45,NZ,1619233797
14,hermanus,-34.4187,19.2345,12.78,90,97,0.89,ZA,1619233869
15,baykit,61.67,96.37,3.05,82,87,0.22,RU,1619233761
16,amapa,1.0,-52.0,22.22,99,100,0.5,BR,1619233876
17,butaritari,3.0707,172.7902,27.34,77,100,2.99,KI,1619233683
18,lebu,-37.6167,-73.65,11.58,89,86,4.74,CL,1619233649
19,talnakh,69.4865,88.3972,0.23,98,100,4.32,RU,1619234004
20,rikitea,-23.1203,-134.9692,26.12,74,100,6.62,PF,1619233876
21,barrow,71.2906,-156.7887,-2.0,74,1,1.54,US,1619233802
22,punta arenas,-53.15,-70.9167,6.0,93,75,1.03,CL,1619233613
23,arraial do cabo,-22.9661,-42.0278,22.72,80,41,6.24,BR,1619233877
24,bethel,41.3712,-73.414,10.0,53,1,2.57,US,1619234005
25,ushuaia,-54.8,-68.3,6.0,93,75,6.69,AR,1619233634
26,severo-kurilsk,50.6789,156.125,3.16,88,97,3.33,RU,1619233762
27,solnechnyy,50.7214,136.6319,5.97,43,73,4.88,RU,1619233877
28,albany,42.6001,-73.9662,7.22,50,3,2.74,US,1619233877
29,kavaratti,10.5669,72.642,29.17,67,39,2.32,IN,1619233763
30,saint-philippe,-21.3585,55.7679,25.0,69,0,4.63,RE,1619233884
31,biak,-0.9131,122.8766,26.99,76,93,1.74,ID,1619233878
32,sao gabriel da cachoeira,-0.1303,-67.0892,23.07,97,85,0.67,BR,1619233878
33,port alfred,-33.5906,26.891,17.9,74,0,6.42,ZA,1619233629
34,torbay,47.6666,-52.7314,3.89,100,90,7.2,CA,1619233529
35,fortuna,40.5982,-124.1573,10.56,93,40,1.14,US,1619233763
36,yatou,37.15,122.3833,10.38,89,100,7.33,CN,1619233878
37,eden,36.4885,-79.7667,8.33,81,1,1.92,US,1619233879
38,yar-sale,66.8333,70.8333,0.18,99,98,3.83,RU,1619233763
39,vaini,-21.2,-175.2,29.0,79,20,3.6,TO,1619233879
40,srostki,52.4189,85.7022,1.6,84,92,3.23,RU,1619233879
41,port elizabeth,-33.918,25.5701,13.0,100,90,2.57,ZA,1619233661
42,quesnel,52.9999,-122.5029,12.0,19,1,6.17,CA,1619233880
43,alofi,-19.0595,-169.9187,28.0,83,26,4.63,NU,1619233880
44,provideniya,64.3833,-173.3,3.99,63,31,1.82,RU,1619233664
45,hithadhoo,-0.6,73.0833,28.07,69,39,1.61,MV,1619233860
46,pundaguitan,6.3711,126.1689,29.21,67,56,2.86,PH,1619233764
47,atuona,-9.8,-139.0333,26.87,78,22,10.74,PF,1619233701
48,constitucion,-35.3333,-72.4167,12.77,75,0,3.66,CL,1619233764
49,nauta,-4.5061,-73.5757,22.94,95,57,1.07,PE,1619233880
50,yulara,-25.2406,130.9889,23.0,31,16,6.69,AU,1619233793
51,malka,43.8039,43.3242,8.89,81,40,2.0,RU,1619233881
52,cockburn town,21.4612,-71.1419,25.67,78,5,7.72,TC,1619233881
53,ulaangom,49.9811,92.0667,2.7,56,56,1.65,MN,1619233881
54,daura,11.5538,11.4085,26.39,43,36,3.87,NG,1619233692
55,esperance,-33.8667,121.9,21.0,56,100,5.66,AU,1619233703
56,salalah,17.0151,54.0924,28.0,74,20,1.54,OM,1619233766
57,peniche,39.3558,-9.3811,16.11,89,19,3.58,PT,1619233882
58,say,13.1007,2.3689,30.0,19,35,2.57,NE,1619233882
59,el rosario,24.2556,-107.1828,24.0,53,20,2.6,MX,1619233882
60,hobart,-42.8794,147.3294,16.0,44,75,7.2,AU,1619233747
61,nandyal,15.4833,78.4833,32.5,43,5,2.87,IN,1619233882
62,mar del plata,-38.0023,-57.5575,17.22,88,90,2.06,AR,1619234007
63,pangoa,-12.1167,-73.0,19.61,98,38,1.04,PE,1619233765
64,maracai,-22.6106,-50.6672,17.15,57,0,2.48,BR,1619233883
65,lasa,46.6166,10.7002,6.67,69,0,1.54,IT,1619233796
66,teseney,15.11,36.6575,30.39,31,78,7.33,ER,1619233883
67,east london,-33.0153,27.9116,16.59,75,2,3.26,ZA,1619233759
68,arica,-18.475,-70.3042,18.0,68,0,1.54,CL,1619233883
69,tucurui,-3.7661,-49.6725,23.33,94,48,0.7,BR,1619233884
70,amiens,49.9,2.3,4.44,87,0,5.66,FR,1619233884
71,vostok,46.4856,135.8833,1.97,91,100,1.97,RU,1619233884
72,pahalgam,34.0333,75.3333,4.44,57,0,2.89,IN,1619233884
73,port keats,-14.25,129.55,32.18,22,90,5.63,AU,1619234008
74,tucumcari,35.1717,-103.725,13.0,50,20,9.77,US,1619234008
75,san policarpo,12.1791,125.5072,29.21,72,100,2.13,PH,1619234008
76,saint george,37.1041,-113.5841,22.0,12,1,3.09,US,1619234009
77,coromandel,-18.4733,-47.2003,15.3,52,0,1.53,BR,1619234009
78,calvinia,-31.4707,19.776,15.98,38,0,0.71,ZA,1619234009
79,hasaki,35.7333,140.8333,21.11,48,75,1.54,JP,1619233766
80,bonito,-21.1211,-56.4819,22.31,55,61,0.66,BR,1619233668
81,kavieng,-2.5744,150.7967,27.23,75,96,1.52,PG,1619233767
82,tabou,4.423,-7.3528,26.65,85,96,3.25,CI,1619234010
83,kapaa,22.0752,-159.319,25.0,69,40,8.23,US,1619234010
84,tiksi,71.6872,128.8694,-7.63,82,100,7.54,RU,1619233907
85,thompson,55.7435,-97.8558,-6.0,42,20,3.6,CA,1619233997
86,leningradskiy,69.3833,178.4167,-1.51,86,94,2.92,RU,1619234010
87,mishelevka,52.8575,103.1719,1.28,69,100,5.14,RU,1619234010
88,jamestown,42.097,-79.2353,8.0,49,1,6.17,US,1619233766
89,hilo,19.7297,-155.09,26.0,57,90,2.57,US,1619234011
90,ponta do sol,32.6667,-17.1,15.0,78,21,1.34,PT,1619233767
91,tuktoyaktuk,69.4541,-133.0374,-7.0,73,75,4.63,CA,1619234011
92,moramanga,-18.9333,48.2,17.35,95,100,1.47,MG,1619234011
93,berdigestyakh,62.0989,126.6992,-2.88,72,100,4.84,RU,1619234012
94,nikolskoye,59.7035,30.7861,1.67,93,75,1.95,RU,1619234012
95,yellowknife,62.456,-114.3525,-9.0,57,75,5.14,CA,1619233690
96,mackenzie,55.2999,-123.1698,6.0,42,90,2.06,CA,1619234012
97,laguna,38.421,-121.4238,16.11,62,1,4.63,US,1619234012
98,kasungu,-13.0333,33.4833,14.65,91,90,1.93,MW,1619234013
99,cabo san lucas,22.8909,-109.9124,22.78,56,20,4.02,MX,1619233716
100,broome,42.2506,-75.833,9.0,40,1,5.66,US,1619233768
101,saskylakh,71.9167,114.0833,1.05,96,100,8.83,RU,1619233875
102,apolda,51.0167,11.5,1.67,89,39,0.5,DE,1619234013
103,chimore,-16.9833,-65.1333,21.53,98,78,0.45,BO,1619234013
104,okhotsk,59.3833,143.3,-1.15,56,8,7.99,RU,1619234014
105,huarmey,-10.0681,-78.1522,19.53,89,2,3.74,PE,1619233929
106,senanga,-16.1167,23.2667,18.53,52,50,2.88,ZM,1619234014
107,sovetskaya gavan,48.9723,140.2878,3.84,70,96,5.77,RU,1619234014
108,codrington,-38.2667,141.9667,16.15,71,81,6.4,AU,1619233485
109,avarua,-21.2078,-159.775,27.0,78,75,7.2,CK,1619234014
110,longyearbyen,78.2186,15.6401,-7.0,73,75,2.57,SJ,1619234015
111,hastings,50.8552,0.5729,8.0,93,80,5.14,GB,1619234015
112,barcelos,41.5388,-8.6151,15.0,94,75,3.6,PT,1619233780
113,zhanaozen,43.3,52.8,11.6,69,7,2.19,KZ,1619234015
114,auki,-8.7676,160.7034,28.82,72,56,1.83,SB,1619233965
115,henties bay,-22.116,14.2845,18.24,83,49,2.25,NA,1619234016
116,sochi,43.6,39.7303,11.0,71,75,1.0,RU,1619233937
117,fukue,32.6881,128.8419,17.0,94,75,4.63,JP,1619234016
118,maningrida,-12.0667,134.2667,31.39,33,100,6.3,AU,1619233736
119,cayenne,4.9333,-52.3333,25.56,94,75,1.54,GF,1619233829
120,dikson,73.5069,80.5464,-0.04,98,100,6.74,RU,1619233808
121,severnyy,50.677,36.5532,3.0,93,75,7.0,RU,1619234016
122,ningbo,29.8782,121.5495,21.11,78,75,2.0,CN,1619233801
123,jumla,29.2747,82.1838,13.52,37,42,1.44,NP,1619234017
124,puerto ayora,-0.7393,-90.3518,25.0,95,13,1.79,EC,1619233847
125,svetlaya,46.5389,138.3297,3.46,87,100,4.49,RU,1619234017
126,kaseda,31.4167,130.3167,20.0,60,75,6.69,JP,1619233770
127,ahipara,-35.1667,173.1667,18.83,65,45,4.2,NZ,1619233770
128,camacha,33.0833,-16.3333,16.0,82,20,4.63,PT,1619233770
129,faro,37.0194,-7.9322,18.0,94,40,7.2,PT,1619234017
130,tiarei,-17.5333,-149.3333,28.0,74,40,3.6,PF,1619234006
131,lugovoy,42.9472,72.7644,7.1,47,100,4.48,KZ,1619234018
132,hambantota,6.1241,81.1185,28.24,71,7,1.8,LK,1619234018
133,dongsheng,39.8161,109.9776,15.42,36,100,5.29,CN,1619234018
134,turinsk,58.0458,63.696,7.2,70,100,2.25,RU,1619234019
135,mabaruma,8.2,-59.7833,22.59,95,74,1.16,GY,1619234019
136,tual,-5.6667,132.75,29.04,72,100,8.21,ID,1619234019
137,pacific grove,36.6177,-121.9166,12.0,71,90,4.12,US,1619233968
138,vao,-22.6667,167.4833,24.37,74,70,4.65,NC,1619233859
139,san cristobal,7.7669,-72.225,28.0,74,20,1.54,VE,1619233681
140,opatija,45.3392,14.3083,12.0,40,0,3.6,HR,1619234019
141,cairns,-16.9167,145.7667,27.22,83,75,4.63,AU,1619233839
142,sao miguel do araguaia,-13.275,-50.1628,22.16,61,41,1.09,BR,1619234020
143,bredasdorp,-34.5322,20.0403,8.0,93,96,1.03,ZA,1619233842
144,elesbao veloso,-6.2019,-42.1403,22.29,96,44,1.08,BR,1619233872
145,sitka,57.0531,-135.33,15.0,23,20,2.06,US,1619233771
146,qaanaaq,77.484,-69.3632,-8.22,79,100,2.43,GL,1619233878
147,isangel,-19.55,169.2667,27.89,75,77,4.86,VU,1619234020
148,basoko,1.2391,23.616,21.86,96,96,1.46,CD,1619234020
149,poum,-20.2333,164.0167,26.51,77,99,3.09,NC,1619234021
150,calama,-22.4667,-68.9333,8.0,57,0,4.63,CL,1619234021
151,san quintin,30.4833,-115.95,14.44,80,16,6.73,MX,1619234021
152,san patricio,28.017,-97.5169,26.0,89,75,5.66,US,1619233889
153,namwala,-15.7504,26.4384,13.89,85,0,1.68,ZM,1619233726
154,cidreira,-30.1811,-50.2056,20.91,82,1,7.24,BR,1619233917
155,ostrovnoy,68.0531,39.5131,0.09,93,100,11.47,RU,1619233863
156,sorland,67.667,12.6934,2.08,59,98,9.7,NO,1619234022
157,dingle,10.9995,122.6711,33.29,49,91,3.5,PH,1619233802
158,mahebourg,-20.4081,57.7,24.0,94,75,5.14,MU,1619233889
159,porto walter,-8.2686,-72.7439,22.51,97,64,0.94,BR,1619234022
160,kahului,20.8947,-156.47,26.0,57,20,10.29,US,1619234022
161,rocha,-34.4833,-54.3333,16.5,96,79,3.58,UY,1619233890
162,bathsheba,13.2167,-59.5167,26.0,65,40,6.69,BB,1619233890
163,khangarh,29.9173,71.1618,23.0,40,0,2.6,PK,1619234023
164,grand gaube,-20.0064,57.6608,24.44,85,93,1.34,MU,1619234023
165,lagoa,39.05,-27.9833,14.03,72,44,14.84,PT,1619233795
166,havre-saint-pierre,50.2334,-63.5986,-1.0,100,40,2.57,CA,1619233859
167,san jose,37.3394,-121.895,14.44,67,40,5.14,US,1619233879
168,abu dhabi,24.4667,54.3667,25.0,50,0,1.03,AE,1619234023
169,husavik,66.0449,-17.3389,2.0,93,0,1.54,IS,1619233963
170,sao felix do xingu,-6.6447,-51.995,21.96,98,35,0.46,BR,1619234024
171,reconquista,-29.15,-59.65,18.76,95,94,0.26,AR,1619234024
172,sao filipe,14.8961,-24.4956,21.41,76,16,3.65,CV,1619234023
173,kamskoye ustye,55.2016,49.268,5.0,81,0,5.0,RU,1619234024
174,souillac,-20.5167,57.5167,24.0,94,75,5.14,MU,1619234010
175,meulaboh,4.1363,96.1285,27.25,77,100,1.66,ID,1619233891
176,kaura namoda,12.5898,6.5779,31.23,37,99,3.4,NG,1619234025
177,tailai,46.3833,123.4,11.28,17,100,6.57,CN,1619234025
178,almeirim,-1.5233,-52.5817,23.5,94,90,1.05,BR,1619234025
179,ilulissat,69.2167,-51.1,-1.0,64,100,1.03,GL,1619234025
180,nguru,12.8791,10.4526,30.65,11,78,2.44,NG,1619234026
181,khatanga,71.9667,102.5,0.74,97,100,8.46,RU,1619234026
182,prince rupert,54.3161,-130.3201,9.0,76,1,3.09,CA,1619234012
183,new norfolk,-42.7826,147.0587,15.56,73,96,1.79,AU,1619234026
184,half moon bay,37.4636,-122.4286,12.22,87,90,2.06,US,1619233909
185,road town,18.4167,-64.6167,27.0,69,1,2.57,VG,1619233595
186,ayan,56.45,138.1667,1.71,64,99,2.37,RU,1619234026
187,kaitangata,-46.2817,169.8464,12.78,64,100,3.13,NZ,1619234027
188,kununurra,-15.7667,128.7333,31.0,20,41,7.2,AU,1619234027
189,airai,-8.9266,125.4092,24.04,47,6,1.65,TL,1619234027
190,vuktyl,63.8567,57.3094,4.49,89,100,2.56,RU,1619234028
191,obilnoye,44.2457,43.5613,9.0,81,100,2.0,RU,1619234028
192,touros,-5.1989,-35.4608,25.0,94,40,2.06,BR,1619233886
193,carnarvon,-24.8667,113.6333,30.0,26,2,2.06,AU,1619233756
194,manzil kamil,35.6248,10.6673,16.0,77,90,9.26,TN,1619234028
195,macae,-22.3708,-41.7869,20.0,88,0,1.03,BR,1619234028
196,geraldton,-28.7667,114.6,28.0,30,2,2.06,AU,1619233741
197,vallenar,-28.5708,-70.7581,14.42,76,59,0.15,CL,1619233740
198,tasiilaq,65.6145,-37.6368,3.0,70,90,11.32,GL,1619234029
199,ancud,-41.8697,-73.8203,8.89,100,40,1.43,CL,1619234029
200,stephenville,32.2207,-98.2023,17.78,88,75,2.57,US,1619234029
201,maltahohe,-24.8333,16.9833,16.26,32,4,2.76,NA,1619234014
202,tautira,-17.7333,-149.15,28.0,74,40,3.6,PF,1619234029
203,kovdor,67.5662,30.4758,-1.55,96,100,5.06,RU,1619234030
204,badovinci,44.7858,19.3714,3.33,82,1,1.15,RS,1619234030
205,saint anthony,45.0205,-93.218,8.33,81,90,2.57,US,1619234030
206,serenje,-13.2325,30.2352,13.34,97,4,1.88,ZM,1619234031
207,dakar,14.6937,-17.4441,19.0,94,20,7.72,SN,1619234031
208,calvia,39.5657,2.5062,10.56,74,97,3.08,ES,1619234031
209,jos,9.9167,8.9,22.36,59,87,2.57,NG,1619234031
210,lata,40.1629,-8.3327,15.0,94,40,2.57,PT,1619233938
211,smithers,54.7804,-127.1743,13.0,22,40,2.06,CA,1619233749
212,acapulco,16.8634,-99.8901,27.0,78,40,2.06,MX,1619234032
213,slobidka,47.8869,29.3461,1.94,84,22,2.83,UA,1619234032
214,padang,-0.9492,100.3543,29.0,70,20,1.03,ID,1619233893
215,nemuro,43.3236,145.575,20.0,32,0,7.2,JP,1619234032
216,norman wells,65.282,-126.8329,1.0,44,75,4.12,CA,1619233907
217,karoi,-16.8099,29.6925,14.13,89,2,2.34,ZW,1619234033
218,castro,-24.7911,-50.0119,11.61,88,8,1.44,BR,1619234033
219,paamiut,61.994,-49.6678,-0.13,77,2,1.74,GL,1619233839
220,kirakira,-10.4544,161.9205,29.6,67,62,2.09,SB,1619234033
221,srednekolymsk,67.45,153.6833,-8.87,91,100,8.61,RU,1619233769
222,tuatapere,-46.1333,167.6833,11.67,87,56,0.89,NZ,1619234033
223,hovd,48.0056,91.6419,2.85,18,20,3.21,MN,1619233814
224,balaipungut,1.05,101.2833,25.0,83,40,1.17,ID,1619234034
225,kjollefjord,70.9457,27.3465,-0.07,69,100,7.26,NO,1619234034
226,buba,11.5833,-15.0,22.64,79,17,2.15,GW,1619234034
227,jaragua,-15.7569,-49.3344,16.0,82,0,1.54,BR,1619234034
228,ribeira grande,38.5167,-28.7,14.65,78,99,12.72,PT,1619233996
229,port hedland,-20.3167,118.5667,34.0,13,0,7.2,AU,1619234035
230,kingman,35.1894,-114.053,21.0,18,1,6.17,US,1619234035
231,singleton,-32.5667,151.1833,21.67,46,43,1.45,AU,1619234035
232,vila franca do campo,37.7167,-25.4333,14.0,67,40,7.2,PT,1619233984
233,port angeles,48.1181,-123.4307,10.56,81,90,4.12,US,1619233736
234,bagojo,25.8667,-109.1167,23.0,46,1,5.14,MX,1619234036
235,vetluga,57.8557,45.781,6.76,85,56,3.46,RU,1619234036
236,simao,22.7886,100.9748,30.18,20,28,3.15,CN,1619234036
237,rajshahi,24.3667,88.6,35.45,13,21,3.54,BD,1619234020
238,rapid city,44.0805,-103.231,0.0,80,90,3.09,US,1619234037
239,tilichiki,60.4667,166.1,-1.52,88,28,0.94,RU,1619233894
240,flin flon,54.7682,-101.865,-6.59,68,41,1.16,CA,1619233895
241,clyde river,70.4692,-68.5914,-12.0,92,90,1.54,CA,1619233985
242,sioux lookout,50.1001,-91.917,-3.0,86,90,3.09,CA,1619233717
243,pevek,69.7008,170.3133,-6.76,85,54,0.9,RU,1619234037
244,bang sai,14.2124,100.4966,35.0,62,0,3.09,TH,1619234037
245,flinders,-34.5833,150.8552,22.78,52,100,2.24,AU,1619233922
246,oksfjord,70.2396,22.3479,0.0,64,75,3.6,NO,1619234037
247,nishihara,26.1842,127.7558,21.0,94,90,7.72,JP,1619234038
248,georgiyevka,43.0369,74.7114,6.0,39,0,5.0,KZ,1619234038
249,axim,4.8699,-2.2405,27.58,80,100,3.23,GH,1619234038
250,bakchar,57.0186,82.0711,3.87,71,20,1.47,RU,1619234039
251,namibe,-15.1961,12.1522,24.95,82,29,2.5,AO,1619233895
252,ulaanbaatar,47.9077,106.8832,9.0,27,75,7.0,MN,1619234039
253,port-gentil,-0.7193,8.7815,27.18,77,100,2.46,GA,1619233895
254,christchurch,-43.5333,172.6333,19.0,48,20,3.6,NZ,1619234039
255,tacuarembo,-31.7333,-55.9833,20.31,60,100,3.15,UY,1619234039
256,cururupu,-1.8283,-44.8683,23.47,97,97,1.35,BR,1619234040
257,antalaha,-14.9003,50.2788,22.1,91,97,2.93,MG,1619234040
258,avera,33.194,-82.5271,14.0,62,1,2.57,US,1619233638
259,mount isa,-20.7333,139.5,29.0,24,17,5.66,AU,1619234040
260,mahanoro,-19.9,48.8,21.48,93,56,3.24,MG,1619234040
261,kutum,14.2,24.6667,24.56,17,45,4.33,SD,1619234041
262,katsuura,35.1333,140.3,21.11,51,75,1.54,JP,1619234041
263,kousseri,12.0769,15.0306,31.0,45,0,5.14,CM,1619234041
264,college,64.8569,-147.8028,16.0,24,20,3.6,US,1619233896
265,asau,46.4333,26.4,1.67,65,48,1.95,RO,1619233864
266,nabire,-3.3667,135.4833,28.85,76,10,2.0,ID,1619234001
267,aylesbury,51.8167,-0.8146,4.44,74,86,0.89,GB,1619234042
268,coahuayana,18.7333,-103.6833,22.72,73,41,0.27,MX,1619233897
269,faanui,-16.4833,-151.75,26.74,75,100,4.53,PF,1619234042
270,kloulklubed,7.0419,134.2556,31.0,66,75,6.17,PW,1619234042
271,ilhabela,-23.7781,-45.3581,21.72,84,87,2.25,BR,1619234042
272,seoul,37.5683,126.9778,21.0,26,0,1.54,KR,1619233849
273,sawtell,-30.3833,153.1,22.0,53,0,4.12,AU,1619234043
274,maua,-23.6678,-46.4614,18.33,87,67,1.01,BR,1619234043
275,kitimat,54.0524,-128.6534,12.78,54,99,0.89,CA,1619233978
276,sembakung,3.8167,117.25,29.0,79,20,2.06,ID,1619234043
277,petropavlovsk-kamchatskiy,53.0452,158.6483,5.0,87,83,3.0,RU,1619234044
278,sapouy,11.5544,-1.7736,28.65,43,56,2.15,BF,1619234044
279,chokurdakh,70.6333,147.9167,-11.68,85,20,0.58,RU,1619233997
280,buala,-8.145,159.5921,29.33,69,56,2.36,SB,1619234044
281,sao paulo de olivenca,-3.3783,-68.8725,22.99,97,99,0.61,BR,1619234044
282,libertador general san martin,-23.8064,-64.7876,19.44,99,43,0.69,AR,1619234045
283,te anau,-45.4167,167.7167,11.26,64,80,1.85,NZ,1619233996
284,matinhos,-25.8175,-48.5428,18.0,100,40,1.03,BR,1619234045
285,novikovo,51.1537,37.8879,4.38,95,100,7.15,RU,1619233898
286,raudeberg,61.9875,5.1352,1.11,90,75,5.71,NO,1619233886
287,trincomalee,8.5711,81.2335,27.8,76,2,0.96,LK,1619234045
288,preobrazheniye,42.9019,133.9064,14.31,53,100,3.14,RU,1619233882
289,chiredzi,-21.05,31.6667,13.78,81,0,1.77,ZW,1619234046
290,amuntai,-2.4177,115.2494,33.06,50,10,0.19,ID,1619233939
291,leshukonskoye,64.8989,45.7622,7.42,83,84,3.82,RU,1619234006
292,port blair,11.6667,92.75,29.0,79,40,1.34,IN,1619234046
293,bellmead,31.594,-97.1089,19.0,100,75,4.55,US,1619234046
294,bandarbeyla,9.4942,50.8122,28.17,74,87,2.22,SO,1619234047
295,kerman,30.2832,57.0788,14.0,28,20,2.06,IR,1619234047
296,dauphin,51.1494,-100.0502,-2.0,59,90,3.09,CA,1619234047
297,chuy,-33.6971,-53.4616,18.12,89,12,4.08,UY,1619233858
298,tazovskiy,67.4667,78.7,0.97,99,100,4.88,RU,1619234047
299,haradok,55.4624,29.9816,-0.95,92,88,4.03,BY,1619234048
300,arlit,18.7369,7.3853,27.58,8,98,2.35,NE,1619234040
301,nawalgarh,27.85,75.2667,26.11,25,0,3.73,IN,1619234048
302,gavrilov-yam,57.3018,39.8533,7.0,81,75,2.0,RU,1619234048
303,port macquarie,-31.4333,152.9167,23.33,50,35,0.45,AU,1619234048
304,harper,4.375,-7.7169,27.0,83,88,3.54,LR,1619233968
305,kharan,28.5833,65.4167,25.28,11,0,0.68,PK,1619234049
306,port neches,29.9913,-93.9585,24.0,100,90,7.72,US,1619234049
307,syriam,16.7722,96.2378,30.0,74,75,3.09,MM,1619234049
308,ponta delgada,37.7333,-25.6667,15.0,67,75,6.69,PT,1619233899
309,west plains,36.7281,-91.8524,14.0,67,90,5.66,US,1619233899
310,la tuque,47.4334,-72.7824,1.0,69,87,2.33,CA,1619234050
311,buarcos,40.166,-8.8768,15.56,94,40,1.54,PT,1619234050
312,changji,44.0167,87.3167,2.0,64,75,4.0,CN,1619234050
313,tutoia,-2.7619,-42.2744,24.85,89,100,3.36,BR,1619233937
314,holbeach,52.804,0.0144,2.78,71,100,1.34,GB,1619234051
315,poso,-1.3959,120.7524,30.91,60,34,1.96,ID,1619233753
316,pechora,65.1472,57.2244,4.18,86,72,2.38,RU,1619234051
317,banda aceh,5.5577,95.3222,29.8,63,100,5.05,ID,1619234051
318,merauke,-8.4667,140.3333,28.97,75,35,1.67,ID,1619234051
319,komsomolskiy,40.4272,71.7189,15.0,41,100,1.03,UZ,1619233900
320,grindavik,63.8424,-22.4338,8.0,93,75,6.69,IS,1619233794
321,abu kamal,34.4506,40.9171,20.72,20,1,1.2,SY,1619234052
322,waipawa,-41.4122,175.5153,20.0,60,1,6.69,NZ,1619234033
323,vanimo,-2.6741,141.3028,28.59,80,100,2.32,PG,1619234052
324,tanout,14.9709,8.8879,28.17,13,66,3.63,NE,1619234052
325,kollam,8.8833,76.6,30.0,79,20,4.12,IN,1619234052
326,ketchikan,55.3422,-131.6461,11.0,43,1,2.57,US,1619233970
327,tungor,53.3808,142.9564,1.41,66,6,3.9,RU,1619234053
328,roald,62.5833,6.1333,0.56,86,40,1.54,NO,1619234053
329,mporokoso,-9.3727,30.125,14.33,97,40,2.47,ZM,1619234053
330,shenjiamen,29.9576,122.298,16.26,92,100,2.91,CN,1619234054
331,inirida,3.8653,-67.9239,24.33,92,98,1.12,CO,1619234054
332,saldanha,-33.0117,17.9442,12.0,87,80,1.54,ZA,1619233890
333,aklavik,68.2191,-135.0107,3.0,51,79,2.57,CA,1619233868
334,nouadhibou,20.931,-17.0347,17.0,94,0,7.2,MR,1619234054
335,nantucket,41.2835,-70.0995,8.0,81,1,5.66,US,1619234054
336,tura,25.5198,90.2201,31.73,21,12,3.02,IN,1619234055
337,kostomuksha,64.571,30.5767,-0.55,96,91,1.99,RU,1619234055
338,umm lajj,25.0213,37.2685,25.13,73,2,1.57,SA,1619234055
339,chicama,-7.8447,-79.1469,20.23,82,11,2.25,PE,1619233820
340,mlonggo,-6.5333,110.7,31.0,51,20,4.63,ID,1619234055
341,whitehorse,60.7161,-135.0538,9.0,25,20,2.06,CA,1619234056
342,hirara,24.8,125.2833,25.0,69,75,7.72,JP,1619234056
343,dabhol,17.6,73.1667,28.18,50,47,2.21,IN,1619234056
344,chapleau,47.8405,-83.4034,3.4,76,100,4.16,CA,1619234056
345,bonthe,7.5264,-12.505,25.99,85,100,2.35,SL,1619234057
346,khovu-aksy,51.1333,93.6,0.74,66,80,0.15,RU,1619234057
347,sucevita,47.7833,25.7167,5.0,75,0,3.09,RO,1619234057
348,avesta,60.1455,16.1679,0.0,62,0,3.58,SE,1619234057
349,charters towers,-20.1,146.2667,19.54,85,100,5.46,AU,1619234058
350,truro,50.2653,-5.0544,10.0,62,95,9.77,GB,1619234058
351,kodiak,57.79,-152.4072,5.0,81,90,4.12,US,1619233849
352,miandrivazo,-19.5167,45.4667,23.25,81,7,0.78,MG,1619233637
353,laval,45.57,-73.692,11.11,53,36,2.57,CA,1619233920
354,putatan,5.9258,116.0609,32.0,70,20,2.06,MY,1619234058
355,ales,44.1333,4.0833,8.33,100,0,1.03,FR,1619234059
356,nagai,38.1036,140.035,23.33,42,0,1.03,JP,1619234059
357,inhambane,-23.865,35.3833,18.65,88,91,2.77,MZ,1619233960
358,mahajanga,-15.7167,46.3167,23.0,88,20,2.06,MG,1619233902
359,gobabis,-22.45,18.9667,14.09,34,0,3.52,NA,1619234059
360,monticello,45.3055,-93.7941,7.22,100,100,3.71,US,1619234060
361,kalamazoo,42.2506,-85.55,10.0,43,1,1.54,US,1619233920
362,guerrero negro,27.9769,-114.0611,14.94,79,1,8.85,MX,1619233888
363,mayo,38.8876,-76.5119,11.0,46,1,3.08,US,1619234060
364,sindor,62.8629,51.8905,5.98,74,67,2.54,RU,1619234060
365,coos bay,43.3665,-124.2179,10.56,81,90,2.57,US,1619234060
366,antofagasta,-23.65,-70.4,16.0,88,75,2.57,CL,1619233895
367,najran,17.4924,44.1277,21.0,21,91,2.06,SA,1619234061
368,tamworth,52.634,-1.6959,5.0,69,98,0.45,GB,1619233771
369,karratha,-20.7377,116.8463,31.7,18,0,7.49,AU,1619234061
370,morehead,37.2711,-87.1764,12.0,66,90,2.06,US,1619234061
371,ituporanga,-27.4144,-49.6025,17.78,96,19,1.34,BR,1619234062
372,praia da vitoria,38.7333,-27.0667,14.44,72,40,14.56,PT,1619234062
373,rorvik,64.8621,11.2373,3.23,63,100,8.67,NO,1619234062
374,fairview,40.8126,-73.999,16.0,28,1,2.57,US,1619234062
375,kerchevskiy,59.946,56.2884,4.26,86,97,2.17,RU,1619234063
376,viet tri,21.3019,105.4308,29.0,84,75,5.66,VN,1619234063
377,zyryanka,65.75,150.85,-8.85,89,100,10.08,RU,1619233924
378,kushiro,42.975,144.3747,11.0,62,75,5.14,JP,1619234063
379,terrace,54.5163,-128.6035,16.0,23,40,4.12,CA,1619233843
380,mandera,3.9366,41.867,26.44,73,92,3.6,KE,1619233997
381,calamar,10.2511,-74.9146,27.0,89,0,3.09,CO,1619234064
382,cherskiy,68.75,161.3,-2.43,89,100,1.99,RU,1619234064
383,adana,36.985,35.2881,13.0,82,0,2.41,TR,1619234064
384,lakhipur,26.0299,90.3041,30.99,26,4,4.38,IN,1619234064
385,margate,51.3813,1.3862,7.78,77,91,0.45,GB,1619233874
386,saint-joseph,-21.3667,55.6167,25.0,69,0,4.63,RE,1619233904
387,yar,58.249,52.1026,4.97,85,68,3.79,RU,1619234065
388,qaqortoq,60.7167,-46.0333,2.0,69,75,1.54,GL,1619233926
389,terekli-mekteb,44.1671,45.8698,11.19,65,40,3.05,RU,1619234065
390,narsaq,60.9167,-46.05,2.0,69,75,1.54,GL,1619233882
391,ugoofaaru,5.6667,73.0,28.82,71,84,3.58,MV,1619234065
392,wanaka,-44.7,169.15,14.44,60,99,0.45,NZ,1619234066
393,khasan,42.4308,130.6434,15.02,54,100,1.92,RU,1619234066
394,tuy hoa,13.0833,109.3,31.86,57,33,1.01,VN,1619234066
395,bogorodskoye,56.55,37.8833,3.79,94,100,0.68,RU,1619234066
396,tezu,27.9167,96.1667,32.96,18,2,1.33,IN,1619234040
397,westport,41.1415,-73.3579,12.0,47,1,4.63,US,1619234028
398,pitimbu,-7.4706,-34.8086,25.0,88,0,1.54,BR,1619234067
399,bengkulu,-3.8004,102.2655,28.16,66,100,0.6,ID,1619233985
400,chippewa falls,44.9369,-91.3929,8.33,93,90,1.73,US,1619234067
401,nelson bay,-32.7167,152.15,21.67,49,39,2.57,AU,1619234067
402,belaya gora,68.5333,146.4167,-6.44,77,94,2.38,RU,1619233782
403,coquimbo,-29.9533,-71.3436,13.0,76,0,3.6,CL,1619233790
404,the valley,18.217,-63.0578,26.11,78,20,3.09,AI,1619234038
405,takanabe,32.1333,131.5,23.0,56,75,6.69,JP,1619234068
406,fairbanks,64.8378,-147.7164,16.0,23,1,4.12,US,1619234068
407,dryden,49.7833,-92.7503,-3.0,93,90,1.03,CA,1619234068
408,sinnamary,5.3833,-52.95,25.3,89,100,5.64,GF,1619233905
409,navolato,24.7672,-107.6944,24.0,53,20,3.12,MX,1619233847
410,nanortalik,60.1432,-45.2371,1.54,91,10,1.99,GL,1619233886
411,chisindia,46.2833,22.1,3.0,75,6,1.54,RO,1619234069
412,great falls,47.5002,-111.3008,0.0,74,1,4.63,US,1619234069
413,challans,46.8436,-1.8749,12.0,47,0,3.6,FR,1619234069
414,bonavista,48.6499,-53.1147,3.33,86,13,3.09,CA,1619234069
415,joensuu,62.6012,29.7632,1.11,100,90,2.06,FI,1619234070
416,colares,38.7992,-9.4469,16.67,95,7,6.53,PT,1619234070
417,dzhebariki-khaya,62.2167,135.8,-2.44,70,21,3.86,RU,1619234070
418,ojinaga,29.5667,-104.4167,23.0,9,1,3.6,MX,1619234070
419,coihaique,-45.5752,-72.0662,8.0,81,75,1.54,CL,1619233883
420,hofn,64.2539,-15.2082,7.07,76,100,2.09,IS,1619233906
421,mokhsogollokh,61.4681,128.9203,-1.93,70,100,4.52,RU,1619234071
422,los llanos de aridane,28.6585,-17.9182,19.0,63,40,3.09,ES,1619234071
423,bowen,-20.0167,148.2333,22.0,94,75,6.69,AU,1619233907
424,marsa matruh,31.3525,27.2453,13.0,88,40,3.73,EG,1619234071
425,port augusta,-32.5,137.7667,18.0,63,0,4.12,AU,1619234072
426,zhigansk,66.7697,123.3711,-4.47,74,100,4.09,RU,1619234072
427,san carlos de bariloche,-41.1456,-71.3082,9.0,57,75,5.66,AR,1619234072
428,dunda,-8.1167,34.25,15.17,95,8,1.0,TZ,1619234072
429,catamarca,-28.4696,-65.7852,15.0,86,83,0.45,AR,1619233845
430,rock springs,41.5875,-109.2029,7.22,28,1,5.66,US,1619234073
431,cotonou,6.3654,2.4183,28.0,89,40,7.72,BJ,1619234073
432,aberdeen,57.1437,-2.0981,1.11,93,68,0.51,GB,1619233950
433,indian head,38.6001,-77.1622,10.0,75,1,1.56,US,1619234073
434,bad wurzach,47.9,9.9,2.22,86,11,1.54,DE,1619234074
435,mahibadhoo,3.7833,72.9667,28.77,67,36,4.04,MV,1619233849
436,richards bay,-28.783,32.0377,19.15,66,95,6.32,ZA,1619234074
437,xingyi,24.1877,102.817,26.92,21,7,4.78,CN,1619234074
438,santa rosa,14.3122,121.1114,32.22,66,20,2.57,PH,1619234074
439,marshfield,44.6689,-90.1718,9.44,71,90,4.12,US,1619233870
440,luena,-11.7833,19.9167,17.87,70,98,1.49,AO,1619234075
441,turan,16.0678,108.2208,31.0,74,20,2.06,VN,1619234029
442,chipinge,-20.1883,32.6236,12.55,89,6,1.67,ZW,1619234075
443,pemex,18.4395,-96.3461,27.5,72,93,2.87,MX,1619234075
444,sawai madhopur,25.9833,76.3667,27.55,31,8,4.04,IN,1619234076
445,price,39.5994,-110.8107,9.0,25,1,3.09,US,1619234076
446,conde,-7.2597,-34.9075,25.0,88,0,1.54,BR,1619234076
447,wonthaggi,-38.6044,145.5913,17.22,70,100,6.49,AU,1619234076
448,choya,52.0108,86.5467,1.99,81,89,2.79,RU,1619234077
449,mikkeli,61.6886,27.2723,1.11,93,90,1.03,FI,1619234077
450,dunedin,-45.8742,170.5036,12.78,85,100,2.68,NZ,1619234077
451,saint-francois,46.4154,3.9054,4.44,81,0,1.03,FR,1619234077
452,honiara,-9.4333,159.95,29.7,69,87,2.34,SB,1619234078
453,tiznit,29.5833,-9.5,14.98,84,100,2.95,MA,1619234078
454,manaure,11.7751,-72.4445,26.99,73,16,7.14,CO,1619234078
455,veisiejai,54.1,23.7,-1.11,86,29,4.02,LT,1619234078
456,sabya,17.1495,42.6254,28.0,57,0,1.54,SA,1619234079
457,maputo,-25.9653,32.5892,15.0,94,20,1.54,MZ,1619233909
458,kholtoson,50.2981,103.3097,0.25,83,100,2.01,RU,1619234079
459,elko,41.0002,-115.5012,12.22,11,36,1.34,US,1619234079
460,kaeo,-35.1,173.7833,21.67,58,29,2.24,NZ,1619234080
461,harwich,51.9419,1.2844,5.56,84,100,1.34,GB,1619234080
462,hobyo,5.3505,48.5268,28.4,73,83,3.68,SO,1619234080
463,nyurba,63.2842,118.3319,2.33,92,96,3.26,RU,1619234080
464,buraydah,26.326,43.975,24.0,23,0,3.09,SA,1619233959
465,naples,40.8333,14.25,13.33,58,0,3.6,IT,1619234081
466,ormara,25.2088,64.6357,27.08,75,0,0.75,PK,1619234081
467,innisfail,-17.5333,146.0333,22.22,86,100,2.68,AU,1619234081
468,strezhevoy,60.7333,77.5889,4.0,48,75,3.0,RU,1619234045
469,mersing,2.4312,103.8405,26.0,83,40,3.6,MY,1619234081
470,northam,51.0333,-4.2167,10.0,54,41,5.36,GB,1619234082
471,khudumelapye,-23.8833,24.75,14.86,40,0,2.05,BW,1619234082
472,le vauclin,14.5452,-60.8388,26.0,78,40,5.14,MQ,1619234082
473,juegang,32.3174,121.1855,15.31,96,100,1.82,CN,1619233910
474,redmond,47.674,-122.1215,13.33,67,100,1.13,US,1619233905
475,murray bridge,-35.1167,139.2667,19.44,63,70,3.66,AU,1619234083
476,marawi,7.9986,124.2928,29.44,72,100,3.58,PH,1619233933
477,ocos,14.5094,-92.1933,28.0,83,75,1.99,GT,1619234083
478,mwinilunga,-11.7358,24.4293,14.89,89,62,1.28,ZM,1619234083
479,akdepe,42.0551,59.3788,16.0,51,0,7.2,TM,1619234083
480,kruisfontein,-34.0033,24.7314,14.44,93,93,0.45,ZA,1619233851
481,bodden town,19.2833,-81.25,26.11,89,20,1.54,KY,1619234084
482,singaraja,-8.112,115.0882,29.56,57,1,1.58,ID,1619234084
483,oranjemund,-28.55,16.4333,14.61,89,14,2.3,NA,1619234084
484,winchester,51.0651,-1.3187,7.22,70,64,4.12,GB,1619233879
485,ibirapitanga,-14.1642,-39.3736,21.54,98,58,0.52,BR,1619234085
486,verkhoyansk,67.5447,133.385,-5.47,74,31,2.02,RU,1619234085
487,bridgwater,51.1284,-3.0036,5.0,77,28,2.87,GB,1619234085
488,mikhaylovsk,45.1283,42.0256,11.0,71,0,3.0,RU,1619234085
489,hollister,36.8525,-121.4016,11.11,76,1,5.66,US,1619234086
490,opuwo,-18.0607,13.84,20.38,39,17,3.75,NA,1619234086
491,manono,-7.3,27.4167,20.18,90,45,1.25,CD,1619234086
492,muscatine,41.4667,-91.1335,12.0,66,90,3.6,US,1619234086
493,kokopo,-4.352,152.2633,27.22,74,98,2.64,PG,1619234087
494,grootfontein,-19.5667,18.1167,7.0,87,0,1.54,NA,1619234087
495,lucapa,-8.4192,20.7447,18.75,97,100,0.89,AO,1619234087
496,namatanai,-3.6667,152.4333,28.37,69,84,2.43,PG,1619233936
497,sibolga,1.7427,98.7792,28.2,70,99,0.8,ID,1619234087
498,cloquet,46.7216,-92.4594,6.11,100,90,4.63,US,1619234088
499,presidencia roque saenz pena,-26.7852,-60.4388,19.63,94,99,1.99,AR,1619234088
500,lovozero,68.005,35.0117,-0.87,98,100,5.38,RU,1619234088
501,finschhafen,-6.6024,147.8681,29.21,70,95,3.41,PG,1619234089
502,paita,-5.0892,-81.1144,21.24,76,12,6.57,PE,1619234089
503,olinda,-8.0089,-34.8553,26.0,69,20,2.57,BR,1619234056
504,alta floresta,-9.8756,-56.0861,21.64,95,70,0.73,BR,1619233865
505,thunder bay,48.4001,-89.3168,9.0,71,90,4.12,CA,1619234089
506,kamyshin,50.0983,45.416,8.79,86,100,2.02,RU,1619233808
507,chipata,-13.6333,32.65,14.28,93,1,2.12,ZM,1619234090
508,praya,14.9215,-23.5087,20.0,77,40,6.17,CV,1619234090
509,comodoro rivadavia,-45.8667,-67.5,9.0,76,0,3.6,AR,1619233939
510,chipiona,36.7366,-6.437,17.22,72,0,10.8,ES,1619234090
511,waingapu,-9.6567,120.2641,29.15,69,1,4.62,ID,1619233990
512,camasca,14.0,-88.3833,29.0,65,0,1.03,HN,1619234090
513,oistins,13.0667,-59.5333,26.0,65,40,6.69,BB,1619233862
514,matara,5.9485,80.5353,27.41,82,72,2.38,LK,1619234091
515,camana,-16.6228,-72.7111,19.63,82,47,3.1,PE,1619234091
516,gillette,44.2911,-105.5022,0.0,74,90,2.57,US,1619233818
517,chepareria,1.3077,35.2039,15.49,86,96,1.29,KE,1619234091
518,lengshuitan,26.4111,111.5956,24.82,78,90,1.68,CN,1619234092
519,hamilton,39.1834,-84.5333,11.11,62,1,2.06,US,1619233817
520,deep river,46.1001,-77.4995,12.0,35,1,1.54,CA,1619234092
521,wenling,28.3669,121.36,21.11,79,100,2.88,CN,1619234092
522,derzhavinsk,51.1,66.3167,6.14,42,100,7.46,KZ,1619234093
523,asfi,32.2994,-9.2372,17.67,89,70,2.76,MA,1619234093
524,khani,41.9563,42.9566,14.0,58,0,4.63,GE,1619234093
525,ramsar,36.9226,50.6426,15.0,88,75,0.6,IR,1619234093
526,skjervoy,70.0311,20.9714,0.3,72,99,3.61,NO,1619234094
527,skagen,57.7209,10.5839,4.44,55,44,6.26,DK,1619234094
528,ngunguru,-35.6167,174.5,21.67,58,7,2.24,NZ,1619234094
529,taoudenni,22.6783,-3.9836,29.46,8,0,3.75,ML,1619234094
530,kidal,18.4411,1.4078,28.3,9,0,3.86,ML,1619234095
531,iqaluit,63.7506,-68.5145,-2.0,100,90,1.54,CA,1619233931
532,kamenka,51.3223,42.7678,7.22,96,99,2.88,RU,1619234043
533,esfarayen,37.0765,57.5101,12.0,76,90,3.09,IR,1619234095
534,yarada,17.65,83.2667,29.0,65,20,1.03,IN,1619234095
535,diego de almagro,-26.3667,-70.05,11.39,79,3,0.63,CL,1619234063
536,shubarshi,48.5872,57.1869,10.42,66,69,5.41,KZ,1619234096
537,pafos,34.7667,32.4167,16.0,44,2,3.09,CY,1619234096
538,camopi,3.1655,-52.3158,22.52,99,100,0.91,GF,1619234096
539,quatre cocos,-20.2078,57.7625,24.44,94,75,5.14,MU,1619234096
540,middelburg,-25.7751,29.4648,10.15,59,3,1.12,ZA,1619234097
541,ryotsu,38.0833,138.4333,14.0,77,0,3.09,JP,1619234097
542,severobaykalsk,55.65,109.3167,1.21,71,100,0.9,RU,1619234097
543,victoria,22.2855,114.1577,29.0,61,20,7.72,HK,1619233686
544,noumea,-22.2763,166.4572,29.0,65,90,2.57,NC,1619234052
545,umba,66.6871,34.3429,1.02,98,100,1.64,RU,1619234097
546,thaba nchu,-29.2093,26.839,5.0,93,0,2.06,ZA,1619234098
547,igarka,67.4667,86.5833,-0.11,96,100,8.56,RU,1619234098
548,port lincoln,-34.7333,135.8667,17.86,59,68,3.71,AU,1619234098
549,ballina,-28.8667,153.5667,23.0,56,75,3.6,AU,1619233911
550,yumen,40.2833,97.2,8.66,48,67,0.8,CN,1619234099
551,zambezi,-13.5432,23.1047,15.76,73,53,2.03,ZM,1619234099
552,porto novo,6.4965,2.6036,29.0,84,40,7.72,BJ,1619234099
553,namtsy,62.7161,129.6658,0.0,55,40,6.0,RU,1619234099
554,acajutla,13.5928,-89.8275,27.26,71,11,1.85,SV,1619234100
555,santa maria ixhuatan,14.19,-90.2747,21.11,88,75,4.12,GT,1619234100
556,quelimane,-17.8786,36.8883,23.0,83,0,1.03,MZ,1619234100
557,linqing,36.8456,115.7117,17.97,52,100,8.16,CN,1619234100
558,glyadyanskoye,54.9075,65.0883,6.05,53,100,4.91,RU,1619234101
559,biltine,14.5333,20.9167,29.02,13,98,4.55,TD,1619234101
560,vryburg,-26.9566,24.7284,14.32,36,0,3.77,ZA,1619234101
561,callaway,30.153,-85.5699,20.0,77,40,4.12,US,1619234057
562,mvangue,2.9667,11.5167,20.14,98,100,1.48,CM,1619233987
563,marrakesh,31.6315,-8.0083,15.0,82,100,2.57,MA,1619233753
